
-- Reiniciar prueba (borrar una por una las tablas creadas)

DROP SEQUENCE parranderos_sequence;
DROP TABLE CADENA_HOTELERA CASCADE CONSTRAINTS;
DROP TABLE ROL_USUARIO CASCADE CONSTRAINTS;
DROP TABLE TIPO_HABITACION CASCADE CONSTRAINTS;
DROP TABLE TIPO_SERVICIO CASCADE CONSTRAINTS;
DROP TABLE HOTEL CASCADE CONSTRAINTS;
DROP TABLE USUARIO CASCADE CONSTRAINTS;
DROP TABLE HABITACION CASCADE CONSTRAINTS;
DROP TABLE SERVICIO CASCADE CONSTRAINTS;
DROP TABLE PISCINA CASCADE CONSTRAINTS;
DROP TABLE GIMNASIO CASCADE CONSTRAINTS;
DROP TABLE INTERNET CASCADE CONSTRAINTS;
DROP TABLE ESTABLECIMIENTO CASCADE CONSTRAINTS;
DROP TABLE PRESTAMO_UTENSILIO CASCADE CONSTRAINTS;
DROP TABLE SALON_CONFERENCIA CASCADE CONSTRAINTS;
DROP TABLE SALON_REUNION CASCADE CONSTRAINTS;
DROP TABLE SPAA CASCADE CONSTRAINTS;
DROP TABLE PRODUCTO CASCADE CONSTRAINTS;
DROP TABLE PLAN_CONSUMO CASCADE CONSTRAINTS;
DROP TABLE RESERVA_HABITACION CASCADE CONSTRAINTS;
DROP TABLE HUESPED_RESERVA CASCADE CONSTRAINTS;
DROP TABLE CUENTA_SERVICIO CASCADE CONSTRAINTS;
DROP TABLE PEDIDO CASCADE CONSTRAINTS;
DROP TABLE PRODUCTO_PEDIDO CASCADE CONSTRAINTS;
DROP TABLE RESERVA_SERVICIO CASCADE CONSTRAINTS;

CREATE SEQUENCE parranderos_sequence;

--CREACION DE LAS TABLAS DE HOTELANDES

--1. CADENA_HOTELERA
CREATE TABLE CADENA_HOTELERA
(
    NOMBRE VARCHAR2(225 BYTE),
    CONSTRAINT PK_CADENA_HOTELERA PRIMARY KEY (NOMBRE)
);

--2. ROL_USUARIO
CREATE TABLE ROL_USUARIO
(
    ROL VARCHAR2(225 BYTE),
    CONSTRAINT PK_ROL_USUARIO PRIMARY KEY(ROL)
);

--3. TIPO_HABITACION
CREATE TABLE TIPO_HABITACION
(
    TIPO_HABITACION VARCHAR2(225 BYTE),
    CONSTRAINT PK_TIPO_HABITACION PRIMARY KEY(TIPO_HABITACION)
);

--4. TIPO_SERVICIO
CREATE TABLE TIPO_SERVICIO
(
    TIPO_SERVICIO VARCHAR2(225 BYTE),
    CONSTRAINT PK_TIPO_SERVICIO PRIMARY KEY(TIPO_SERVICIO)
);

--5. HOTEL
CREATE TABLE HOTEL
(
    NOMBRE_CADENA VARCHAR2(225 BYTE) NOT NULL,
    NOMBRE_HOTEL VARCHAR2(225 BYTE),
    PAIS VARCHAR2(225 BYTE) NOT NULL,
    CIUDAD VARCHAR2(225 BYTE) NOT NULL, 
    DIRECCION VARCHAR2(225 BYTE) NOT NULL,
    CONSTRAINT PK_NOMBRE_HOTEL PRIMARY KEY (NOMBRE_HOTEL)
);

ALTER TABLE HOTEL
    ADD CONSTRAINT FK_HOTEL_CADENA_HOTELERA
    FOREIGN KEY (NOMBRE_CADENA)
    REFERENCES CADENA_HOTELERA(NOMBRE)
    ON DELETE CASCADE
ENABLE;

--6. USUARIO
CREATE TABLE USUARIO
(
    NOMBRE VARCHAR2(225 BYTE) NOT NULL,
    TIPO_DOCUMENTO VARCHAR2(225 BYTE),
    NUMERO_DOCUMENTO NUMBER,
    CORREO VARCHAR2(225 BYTE) UNIQUE NOT NULL,
    CONTRASENA VARCHAR2 (225 BYTE) NOT NULL,
    ROL_USUARIO VARCHAR2(225 BYTE) NOT NULL,
    CONSTRAINT PK_USUARIO PRIMARY KEY (TIPO_DOCUMENTO,NUMERO_DOCUMENTO)
);

ALTER TABLE USUARIO
    ADD CONSTRAINT CK_USUARIO_TIPO_DOCUMENTO
    CHECK (TIPO_DOCUMENTO IN ('CC','CE','TI'))
ENABLE;

ALTER TABLE USUARIO 
    ADD CONSTRAINT CK_USUARIO_CONTRASENA
    CHECK(LENGTH(CONTRASENA)>6)
ENABLE;

ALTER TABLE USUARIO
    ADD CONSTRAINT FK_USUARIO_ROL_USUARIO
    FOREIGN KEY (ROL_USUARIO)
    REFERENCES ROL_USUARIO(ROL)
    ON DELETE CASCADE
ENABLE;

--7. HABITACION
CREATE TABLE HABITACION
(
    NOMBRE_HOTEL VARCHAR2(255 BYTE),
    NUMERO NUMBER,
    TIPO_HABITACION VARCHAR2(225 BYTE) NOT NULL,
    COSTO_POR_NOCHE NUMBER NOT NULL,
    DESCRIPCION VARCHAR2(225 BYTE) NOT NULL,
    CAPACIDAD_MIN NUMBER NOT NULL,
    CAPACIDAD_MAX NUMBER NOT NULL,
    CONSTRAINT PK_HABITACION PRIMARY KEY(NOMBRE_HOTEL,NUMERO)
);

ALTER TABLE HABITACION
    ADD CONSTRAINT FK_HABITACION_HOTEL
    FOREIGN KEY (NOMBRE_HOTEL)
    REFERENCES HOTEL(NOMBRE_HOTEL)
    ON DELETE CASCADE
ENABLE;

ALTER TABLE HABITACION
    ADD CONSTRAINT FK_HABITACION_TIPO_HABITACION
    FOREIGN KEY (TIPO_HABITACION)
    REFERENCES TIPO_HABITACION(TIPO_HABITACION)
    ON DELETE CASCADE
ENABLE;

ALTER TABLE HABITACION
    ADD CONSTRAINT CK_HABITACION_COSTO_POR_NOCHE
    CHECK(COSTO_POR_NOCHE>0)
ENABLE;

ALTER TABLE HABITACION 
    ADD CONSTRAINT CK_HABITACION_CAPACIDAD_MIN
    CHECK (CAPACIDAD_MIN>0)
ENABLE;

ALTER TABLE HABITACION 
    ADD CONSTRAINT CK_HABITACION_CAPACIDAD_MAX
    CHECK (CAPACIDAD_MAX>0)
ENABLE;

--8. SERVICIO
CREATE TABLE SERVICIO
(
    NOMBRE_HOTEL VARCHAR2(225 BYTE) NOT NULL,
    ID_SERVICIO NUMBER,
    HORA_INICIO NUMBER(4,2), -- la hora se maneja como un decimal de la forma 16.50 == 4:30 pm
    HORA_FIN NUMBER(4,2),
    TIPO_SERVICIO VARCHAR2(225 BYTE) NOT NULL,
    CONSTRAINT PK_SERVICIO PRIMARY KEY (ID_SERVICIO)
);

ALTER TABLE SERVICIO
    ADD CONSTRAINT CK_SERVICIO_HORA_INICIO
    CHECK(HORA_INICIO >= 0.0 AND HORA_INICIO < 24.0)
ENABLE;

ALTER TABLE SERVICIO
    ADD CONSTRAINT CK_SERVICIO_HORA_FIN
    CHECK(HORA_FIN >= 0.0 AND HORA_FIN < 24.0)
ENABLE;

ALTER TABLE SERVICIO
    ADD CONSTRAINT FK_SERVICIO_HOTEL
    FOREIGN KEY (NOMBRE_HOTEL)
    REFERENCES HOTEL(NOMBRE_HOTEL)
    ON DELETE CASCADE
ENABLE;

ALTER TABLE SERVICIO 
    ADD CONSTRAINT FK_SERVICIO_TIPO_SERVICIO
    FOREIGN KEY (TIPO_SERVICIO)
    REFERENCES TIPO_SERVICIO(TIPO_SERVICIO)
    ON DELETE CASCADE
ENABLE;

--9. PISCINA
CREATE TABLE PISCINA
(
    ID_SERVICIO NUMBER,
    CAPACIDAD NUMBER NOT NULL,
    PROFUNDIDAD NUMBER NOT NULL,
    COSTO NUMBER NOT NULL,
    CONSTRAINT PK_PISCINA PRIMARY KEY (ID_SERVICIO)
);

ALTER TABLE PISCINA 
    ADD CONSTRAINT FK_PISCINA_SERVICIO
    FOREIGN KEY(ID_SERVICIO)
    REFERENCES SERVICIO(ID_SERVICIO)
    ON DELETE CASCADE
ENABLE;

ALTER TABLE PISCINA
 ADD CONSTRAINT CK_PISCINA_CAPACIDAD
 CHECK(CAPACIDAD>0)
ENABLE;

ALTER TABLE PISCINA
 ADD CONSTRAINT CK_PISCINA_PROFUNDIDAD
 CHECK(PROFUNDIDAD>0)
ENABLE;

ALTER TABLE PISCINA
 ADD CONSTRAINT CK_PISCINA_COSTO
 CHECK(COSTO>=0)
ENABLE;

--10. GIMNASIO
CREATE TABLE GIMNASIO
(
    ID_SERVICIO NUMBER,
    CAPACIDAD NUMBER NOT NULL,
    DESCRIPCION VARCHAR2(225 BYTE) NOT NULL,
    COSTO NUMBER NOT NULL,
    CONSTRAINT PK_GIMNASIO PRIMARY KEY (ID_SERVICIO)
);

ALTER TABLE GIMNASIO 
    ADD CONSTRAINT FK_GIMNASIO_SERVICIO
    FOREIGN KEY (ID_SERVICIO)
    REFERENCES SERVICIO(ID_SERVICIO)
    ON DELETE CASCADE
ENABLE;

ALTER TABLE GIMNASIO 
    ADD CONSTRAINT CK_GIMNASIO_CAPACIDAD
    CHECK(CAPACIDAD>0)
ENABLE;

ALTER TABLE GIMNASIO
    ADD CONSTRAINT CK_GIMNASIO_COSTO
    CHECK(COSTO>=0)
ENABLE;

--11. INTERNET
CREATE TABLE INTERNET
(
    ID_SERVICIO NUMBER,
    CAPACIDAD NUMBER NOT NULL,
    COSTO_POR_DIA NUMBER NOT NULL,
    CONSTRAINT PK_INTERNET PRIMARY KEY(ID_SERVICIO)
);

ALTER TABLE INTERNET 
    ADD CONSTRAINT FK_INTERNET_SERVICIO
    FOREIGN KEY(ID_SERVICIO)
    REFERENCES SERVICIO(ID_SERVICIO)
    ON DELETE CASCADE
ENABLE;

ALTER TABLE INTERNET 
    ADD CONSTRAINT CK_INTERNET_CAPACIDAD
    CHECK (CAPACIDAD>0)
ENABLE;

ALTER TABLE INTERNET 
    ADD CONSTRAINT CK_INTERNET_COSTO_POR_DIA
    CHECK(COSTO_POR_DIA>=0)
ENABLE;

--12. ESTABLECIMIENTO
CREATE TABLE ESTABLECIMIENTO
(
    ID_SERVICIO NUMBER,
    NOMBRE VARCHAR2(225 BYTE) NOT NULL,
    CAPACIDAD NUMBER,
    ESTILO_TIPO VARCHAR2(225 BYTE) NOT NULL,
    DESCUENTO_PLAN NUMBER NOT NULL,
    CONSTRAINT PK_ESTABLECIMIENTO PRIMARY KEY(ID_SERVICIO)
);

ALTER TABLE ESTABLECIMIENTO
    ADD CONSTRAINT FK_ESTABLECIMIENTO_SERVICIO
    FOREIGN KEY (ID_SERVICIO)
    REFERENCES SERVICIO(ID_SERVICIO)
    ON DELETE CASCADE
ENABLE;

ALTER TABLE ESTABLECIMIENTO
    ADD CONSTRAINT CK_ESTABLECIMIENTO_CAPACIDAD
    CHECK(CAPACIDAD>0)
ENABLE;

ALTER TABLE ESTABLECIMIENTO
    ADD CONSTRAINT CK_ESTABLECIMIENTO_DESCUENTO_PLAN
    CHECK(DESCUENTO_PLAN>=0)
ENABLE;

--13. PRESTAMO_UTENSILIO
CREATE TABLE PRESTAMO_UTENSILIO
(
    ID_SERVICIO NUMBER,
    NOMBRE_UTENSILIO VARCHAR2(225 BYTE) NOT NULL,
    CONSTRAINT PK_PRESTAMO_UTENSILIO PRIMARY KEY(ID_SERVICIO)
);

ALTER TABLE PRESTAMO_UTENSILIO
    ADD CONSTRAINT FK_PRESTAMO_UTENSILIO_SERVICIO
    FOREIGN KEY (ID_SERVICIO)
    REFERENCES SERVICIO(ID_SERVICIO)
    ON DELETE CASCADE
ENABLE;

--14. SALON_CONFERENCIA
CREATE TABLE SALON_CONFERENCIA
(
    ID_SERVICIO NUMBER,
    NUMERO NUMBER NOT NULL,
    CAPACIDAD NUMBER NOT NULL,
    COSTO_POR_HORA NUMBER NOT NULL,
    CONSTRAINT PK_SALON_CONFERENCIA PRIMARY KEY(ID_SERVICIO)
);

ALTER TABLE SALON_CONFERENCIA
    ADD CONSTRAINT FK_SALON_CONFERENCIA_SERVICIO
    FOREIGN KEY(ID_SERVICIO)
    REFERENCES SERVICIO(ID_SERVICIO)
    ON DELETE CASCADE
ENABLE;

ALTER TABLE SALON_CONFERENCIA
    ADD CONSTRAINT CK_SALON_CONFERENCIA_NUMERO
    CHECK(NUMERO>0)
ENABLE;

ALTER TABLE SALON_CONFERENCIA
    ADD CONSTRAINT CK_SALON_CONFERENCIA_CAPACIDAD
    CHECK(CAPACIDAD>0)
ENABLE;

ALTER TABLE SALON_CONFERENCIA
    ADD CONSTRAINT CK_SALON_CONFERENCIA_COSTO_POR_HORA
    CHECK(COSTO_POR_HORA>=0)
ENABLE;
    
--15. SALON_REUNION
CREATE TABLE SALON_REUNION
(
    ID_SERVICIO NUMBER,
    NUMERO NUMBER NOT NULL,
    COSTO_POR_HORA NUMBER NOT NULL,
    COSTO_ADICIONAL NUMBER NOT NULL,
    CONSTRAINT PK_SALON_REUNION PRIMARY KEY(ID_SERVICIO)
);

ALTER TABLE SALON_REUNION
    ADD CONSTRAINT FK_SALON_REUNION_SERVICIO
    FOREIGN KEY (ID_SERVICIO)
    REFERENCES SERVICIO(ID_SERVICIO)
    ON DELETE CASCADE
ENABLE;

ALTER TABLE SALON_REUNION
    ADD CONSTRAINT CK_SALON_REUNION_NUMERO
    CHECK(NUMERO>0)
ENABLE;

ALTER TABLE SALON_REUNION
    ADD CONSTRAINT CK_SALON_REUNION_COSTO_POR_HORA
    CHECK(COSTO_POR_HORA>=0)
ENABLE;

ALTER TABLE SALON_REUNION
    ADD CONSTRAINT CK_SALON_REUNION_COSTO_ADICIONAL
    CHECK(COSTO_ADICIONAL>=0)
ENABLE;

--16. SPAA (renombrado de SPA, que es una palabra reservada)
CREATE TABLE SPAA
(
    ID_SERVICIO NUMBER,
    CAPACIDAD NUMBER NOT NULL,
    CONSTRAINT PK_SPAA PRIMARY KEY(ID_SERVICIO)
);

ALTER TABLE SPAA
    ADD CONSTRAINT FK_SPAA_SERVICIO
    FOREIGN KEY (ID_SERVICIO)
    REFERENCES SERVICIO(ID_SERVICIO)
    ON DELETE CASCADE
ENABLE;

ALTER TABLE SPAA
    ADD CONSTRAINT CK_SPAA_CAPACIDAD
    CHECK(CAPACIDAD>=0)
ENABLE;

--17. PRODUCTO
CREATE TABLE PRODUCTO
(
    ID_SERVICIO NUMBER,
    ID_PRODUCTO NUMBER,
    NOMBRE VARCHAR2(225 BYTE) NOT NULL,
    COSTO NUMBER NOT NULL,
    PLAN_TODO_INCLUIDO NUMBER NOT NULL, -- booleano
    DURACION NUMBER,
    CONSTRAINT PK_PRODUCTO PRIMARY KEY(ID_SERVICIO,ID_PRODUCTO)
);

ALTER TABLE PRODUCTO
    ADD CONSTRAINT CK_PRODUCTO_PLAN_TODO_INCLUIDO
    CHECK(PLAN_TODO_INCLUIDO=0 OR PLAN_TODO_INCLUIDO=1)
ENABLE;

ALTER TABLE PRODUCTO
    ADD CONSTRAINT FK_PRODUCTO_SERVICIO
    FOREIGN KEY (ID_SERVICIO)
    REFERENCES SERVICIO(ID_SERVICIO)
    ON DELETE CASCADE
ENABLE;

ALTER TABLE PRODUCTO
    ADD CONSTRAINT CK_PRODUCTO_COSTO
    CHECK(COSTO>=0)
ENABLE;

--18. PLAN_CONSUMO
CREATE TABLE PLAN_CONSUMO
(
    ID_PLAN_CONSUMO NUMBER,
    NOMBRE_HOTEL VARCHAR2(225 BYTE) NOT NULL,
    NOMBRE VARCHAR2(225 BYTE) NOT NULL,
    DURACION_MIN NUMBER NOT NULL,
    DESCUENTO NUMBER NOT NULL,
    CONSTRAINT PK_PLAN_CONSUMO PRIMARY KEY(ID_PLAN_CONSUMO)
);

ALTER TABLE PLAN_CONSUMO
    ADD CONSTRAINT FK_PLAN_CONSUMO_HOTEL
    FOREIGN KEY (NOMBRE_HOTEL)
    REFERENCES HOTEL(NOMBRE_HOTEL)
    ON DELETE CASCADE
ENABLE;

ALTER TABLE PLAN_CONSUMO
    ADD CONSTRAINT CK_PLAN_CONSUMO_DURACION_MIN
    CHECK(DURACION_MIN>=0)
ENABLE;

ALTER TABLE PLAN_CONSUMO
    ADD CONSTRAINT CK_PLAN_CONSUMO_DESCUENTO
    CHECK(DESCUENTO>=0 AND DESCUENTO<=1)
ENABLE;

--19. RESERVA_HABITACION
CREATE TABLE RESERVA_HABITACION
(
    ID_RESERVA_HABITACION NUMBER,
    FECHA_IN DATE NOT NULL,
    FECHA_OUT DATE NOT NULL,
    NUM_PERSONAS NUMBER NOT NULL,
    CUENTA_MINIBAR NUMBER,
    NOMBRE_HOTEL VARCHAR2(225 BYTE),
    NUMERO_HABITACION NUMBER,
    ID_PLAN_CONSUMO NUMBER NOT NULL,
    PAGADO NUMBER NOT NULL, -- booleano
    CONSTRAINT PK_RESERVA_HABITACION PRIMARY KEY(ID_RESERVA_HABITACION)
);

ALTER TABLE RESERVA_HABITACION
    ADD CONSTRAINT CK_RESERVA_HABITACION_PAGADO
    CHECK(PAGADO = 0 OR PAGADO = 1)
ENABLE;

ALTER TABLE RESERVA_HABITACION
    ADD CONSTRAINT FK_RESERVA_HABITACION_HABITACION
    FOREIGN KEY (NOMBRE_HOTEL,NUMERO_HABITACION)
    REFERENCES HABITACION(NOMBRE_HOTEL,NUMERO)
    ON DELETE CASCADE
ENABLE;

ALTER TABLE RESERVA_HABITACION
    ADD CONSTRAINT FK_RESERVA_HABITACION_PLAN_CONSUMO
    FOREIGN KEY (ID_PLAN_CONSUMO)
    REFERENCES PLAN_CONSUMO(ID_PLAN_CONSUMO)
    ON DELETE CASCADE
ENABLE;

ALTER TABLE RESERVA_HABITACION
    ADD CONSTRAINT CK_RESERVA_HABITACION_NUM_PERSONAS
    CHECK(NUM_PERSONAS>0)
ENABLE;

ALTER TABLE RESERVA_HABITACION
    ADD CONSTRAINT CK_RESERVA_HABITACION_CUENTA_MINIBAR
    CHECK(CUENTA_MINIBAR>=0)
ENABLE;

--20. HUESPED_RESERVA
CREATE TABLE HUESPED_RESERVA
(
    ID_RESERVA_HABITACION NUMBER,
    TIPO_DOCUMENTO VARCHAR2(225 BYTE) NOT NULL,
    NUMERO_DOCUMENTO NUMBER NOT NULL,
    ACOMPANANTE NUMBER NOT NULL,
    CONSTRAINT PK_HUESPED_RESERVA PRIMARY KEY(ID_RESERVA_HABITACION,TIPO_DOCUMENTO,NUMERO_DOCUMENTO)
);

ALTER TABLE HUESPED_RESERVA
    ADD CONSTRAINT CK_HUESPED_RESERVA_ACOMPANANTE
    CHECK(ACOMPANANTE=0 OR ACOMPANANTE=1)
ENABLE;

ALTER TABLE HUESPED_RESERVA
    ADD CONSTRAINT FK_HUESPED_RESERVA_USUARIO
    FOREIGN KEY (TIPO_DOCUMENTO,NUMERO_DOCUMENTO)
    REFERENCES USUARIO(TIPO_DOCUMENTO,NUMERO_DOCUMENTO)
    ON DELETE CASCADE
ENABLE;

ALTER TABLE HUESPED_RESERVA
    ADD CONSTRAINT FK_HUESPED_RESERVA_RESERVA_HABITACION
    FOREIGN KEY (ID_RESERVA_HABITACION)
    REFERENCES RESERVA_HABITACION(ID_RESERVA_HABITACION)
    ON DELETE CASCADE
ENABLE;

--21. CUENTA_SERVICIO
CREATE TABLE CUENTA_SERVICIO
(
    ID_CUENTA NUMBER,
    COSTO NUMBER NOT NULL,
    CONCEPTO VARCHAR2(225 BYTE) NOT NULL,
    FECHA DATE NOT NULL,
    ID_SERVICIO NUMBER NOT NULL,
    ID_RESERVA_HABITACION NUMBER NOT NULL,
    REGISTRADO_POR_TIPO_DOCUMENTO VARCHAR2(225 BYTE),
    REGISTRADO_POR_NUMERO_DOCUMENTO NUMBER,
    CONSTRAINT PK_CUENTA_SERVICIO PRIMARY KEY(ID_CUENTA)
);

ALTER TABLE CUENTA_SERVICIO
    ADD CONSTRAINT FK_CUENTA_SERVICIO_SERVICIO
    FOREIGN KEY (ID_SERVICIO)
    REFERENCES SERVICIO(ID_SERVICIO)
    ON DELETE CASCADE
ENABLE;

ALTER TABLE CUENTA_SERVICIO
    ADD CONSTRAINT FK_CUENTA_SERVICIO_RESERVA_HABITACION
    FOREIGN KEY (ID_RESERVA_HABITACION)
    REFERENCES RESERVA_HABITACION(ID_RESERVA_HABITACION)
    ON DELETE CASCADE
ENABLE;

ALTER TABLE CUENTA_SERVICIO
    ADD CONSTRAINT FK_CUENTA_SERVICIO_USUARIO_TIPO_DOCUMENTO
    FOREIGN KEY (REGISTRADO_POR_TIPO_DOCUMENTO,REGISTRADO_POR_NUMERO_DOCUMENTO)
    REFERENCES USUARIO(TIPO_DOCUMENTO,NUMERO_DOCUMENTO)
    ON DELETE CASCADE
ENABLE;

ALTER TABLE CUENTA_SERVICIO
    ADD CONSTRAINT CK_CUENTA_SERVICIO_COSTO
    CHECK(COSTO>=0)
ENABLE;

--22. PEDIDO
CREATE TABLE PEDIDO
(
    ID_PEDIDO NUMBER,
    PAGO_HABITACION NUMBER NOT NULL,
    ID_CUENTA NUMBER NOT NULL,
    CONSTRAINT PK_PEDIDO PRIMARY KEY(ID_PEDIDO)
);

ALTER TABLE PEDIDO
    ADD CONSTRAINT CK_PEDIDO_PAGO_HABITACION
    CHECK(PAGO_HABITACION=0 OR PAGO_HABITACION=1)
ENABLE;

ALTER TABLE PEDIDO
    ADD CONSTRAINT FK_PEDIDO_CUENTA_SERVICIO
    FOREIGN KEY (ID_CUENTA)
    REFERENCES CUENTA_SERVICIO(ID_CUENTA)
    ON DELETE CASCADE
ENABLE;

--23. PRODUCTO_PEDIDO
CREATE TABLE PRODUCTO_PEDIDO
(
    ID_PEDIDO NUMBER,
    ID_SERVICIO NUMBER,
    ID_PRODUCTO NUMBER,
    CANTIDAD NUMBER NOT NULL,
    CONSTRAINT PK_PRODUCTO_PEDIDO PRIMARY KEY(ID_PEDIDO,ID_SERVICIO,ID_PRODUCTO)
);

ALTER TABLE PRODUCTO_PEDIDO
    ADD CONSTRAINT FK_PRODUCTO_PEDIDO_PEDIDO
    FOREIGN KEY (ID_PEDIDO)
    REFERENCES PEDIDO(ID_PEDIDO)
    ON DELETE CASCADE
ENABLE;

ALTER TABLE PRODUCTO_PEDIDO
    ADD CONSTRAINT FK_PRODUCTO_PEDIDO_PRODUCTO
    FOREIGN KEY (ID_SERVICIO,ID_PRODUCTO)
    REFERENCES PRODUCTO(ID_SERVICIO,ID_PRODUCTO)
    ON DELETE CASCADE
ENABLE;

ALTER TABLE PRODUCTO_PEDIDO
    ADD CONSTRAINT CK_PRODUCTO_PEDIDO_CANTIDAD
    CHECK(CANTIDAD>0)
ENABLE;

--24. RESERVA_SERVICIO
CREATE TABLE RESERVA_SERVICIO
(
    ID_RESERVA_SERVICIO NUMBER,
    ID_SERVICIO NUMBER NOT NULL,
    ID_RESERVA_HABITACION NUMBER NOT NULL,
    FECHA DATE NOT NULL,
    DURACION NUMBER NOT NULL,
    CONSTRAINT PK_RESERVA_SERVICIO PRIMARY KEY(ID_RESERVA_SERVICIO)
);

ALTER TABLE RESERVA_SERVICIO
    ADD CONSTRAINT FK_RESERVA_SERVICIO_SERVICIO
    FOREIGN KEY (ID_SERVICIO)
    REFERENCES SERVICIO(ID_SERVICIO)
    ON DELETE CASCADE
ENABLE;

ALTER TABLE RESERVA_SERVICIO
    ADD CONSTRAINT FK_RESERVA_SERVICIO_RESERVA_HABITACION
    FOREIGN KEY (ID_RESERVA_HABITACION)
    REFERENCES RESERVA_HABITACION(ID_RESERVA_HABITACION)
    ON DELETE CASCADE
ENABLE;
COMMIT;


-- VERIFICACIONES

/*
--  Verificaciï¿½n de que existen las tablas

SELECT owner, table_name
FROM ALL_TABLES
WHERE owner = 'ISIS2304C12202210'; -- este es el usuario

-- Verificaciï¿½n de las restricciones

SELECT *
FROM all_constraints
WHERE table_name IN (
    SELECT DISTINCT TABLE_NAME
    FROM ALL_TABLES
    WHERE owner = 'ISIS2304C12202210'
    );

SELECT *
FROM all_constraints cons, all_cons_columns cols
WHERE cols.table_name = 'HUESPED_RESERVA'
AND cons.constraint_name = cols.constraint_name
AND cons.owner = cols.owner;
*/

-- AGREGAR ELEMENTOS A LAS TABLAS

--1. CADENA_HOTELERA
INSERT INTO CADENA_HOTELERA(NOMBRE) VALUES ('Marriott');
INSERT INTO CADENA_HOTELERA(NOMBRE) VALUES ('Tequendama');

--2. ROL_USUARIO
INSERT INTO ROL_USUARIO(ROL) VALUES ('GERENTE');
INSERT INTO ROL_USUARIO(ROL) VALUES ('ADMIN_DATOS');
INSERT INTO ROL_USUARIO(ROL) VALUES ('RECEPCIONISTA');
INSERT INTO ROL_USUARIO(ROL) VALUES ('EMPLEADO');
INSERT INTO ROL_USUARIO(ROL) VALUES ('CLIENTE');

--3. TIPO_HABITACION
INSERT INTO TIPO_HABITACION(TIPO_HABITACION) VALUES ('PRESIDENCIAL');
INSERT INTO TIPO_HABITACION(TIPO_HABITACION) VALUES ('FAMILIAR');
INSERT INTO TIPO_HABITACION(TIPO_HABITACION) VALUES ('SENCILLA');
INSERT INTO TIPO_HABITACION(TIPO_HABITACION) VALUES ('DOBLE');

--4. TIPO_SERVICIO
INSERT INTO TIPO_SERVICIO(TIPO_SERVICIO) VALUES ('PISCINA');
INSERT INTO TIPO_SERVICIO(TIPO_SERVICIO) VALUES ('GIMNASIO');
INSERT INTO TIPO_SERVICIO(TIPO_SERVICIO) VALUES ('INTERNET');
INSERT INTO TIPO_SERVICIO(TIPO_SERVICIO) VALUES ('TIENDA');
INSERT INTO TIPO_SERVICIO(TIPO_SERVICIO) VALUES ('SUPERMERCADO');
INSERT INTO TIPO_SERVICIO(TIPO_SERVICIO) VALUES ('BAR');
INSERT INTO TIPO_SERVICIO(TIPO_SERVICIO) VALUES ('RESTAURANTE');
INSERT INTO TIPO_SERVICIO(TIPO_SERVICIO) VALUES ('PRESTAMO');
INSERT INTO TIPO_SERVICIO(TIPO_SERVICIO) VALUES ('SALON_CONFERENCIA');
INSERT INTO TIPO_SERVICIO(TIPO_SERVICIO) VALUES ('SALON_REUNION');
INSERT INTO TIPO_SERVICIO(TIPO_SERVICIO) VALUES ('SPA');
INSERT INTO TIPO_SERVICIO(TIPO_SERVICIO) VALUES ('LAVADO');
INSERT INTO TIPO_SERVICIO(TIPO_SERVICIO) VALUES ('PLANCHADO');
INSERT INTO TIPO_SERVICIO(TIPO_SERVICIO) VALUES ('EMBOLADO');

--5. HOTEL
INSERT INTO HOTEL(NOMBRE_CADENA,NOMBRE_HOTEL,PAIS,CIUDAD,DIRECCION) VALUES ('Marriott','JW Marriott','Colombia','Bogota','Cl. 73 # 08 - 60');
INSERT INTO HOTEL(NOMBRE_CADENA,NOMBRE_HOTEL,PAIS,CIUDAD,DIRECCION) VALUES ('Marriott','Residence Inn Marriott','Colombia','Bogota','Cl. 90 # 16 - 30');
INSERT INTO HOTEL(NOMBRE_CADENA,NOMBRE_HOTEL,PAIS,CIUDAD,DIRECCION) VALUES ('Marriott','Ermita Marriott','Colombia','Cartagena','Av Santander # 41 - 202');
INSERT INTO HOTEL(NOMBRE_CADENA,NOMBRE_HOTEL,PAIS,CIUDAD,DIRECCION) VALUES ('Tequendama','Tequendama','Colombia','Bogota','Cra. 10 # 26 - 21');

--6. USUARIO
INSERT INTO USUARIO(NOMBRE,TIPO_DOCUMENTO,NUMERO_DOCUMENTO,CORREO,CONTRASENA,ROL_USUARIO) VALUES ('Luccas Rojas','CC',19801672,'l.rojasb@uniandes.edu.co','18371Hh','GERENTE');
INSERT INTO USUARIO(NOMBRE,TIPO_DOCUMENTO,NUMERO_DOCUMENTO,CORREO,CONTRASENA,ROL_USUARIO) VALUES ('Tony Santiago','CC',16017390,'t.montes@uniandes.edu.co','12345678','ADMIN_DATOS');
INSERT INTO USUARIO(NOMBRE,TIPO_DOCUMENTO,NUMERO_DOCUMENTO,CORREO,CONTRASENA,ROL_USUARIO) VALUES ('Cielo González','CC',1892017462,'cgonzalez@gmail.com','db2uuik1','RECEPCIONISTA');
INSERT INTO USUARIO(NOMBRE,TIPO_DOCUMENTO,NUMERO_DOCUMENTO,CORREO,CONTRASENA,ROL_USUARIO) VALUES ('Ariel Escamilla','CC',1579208100,'aesca@gmail.com','hdjkqwi97','EMPLEADO');
INSERT INTO USUARIO(NOMBRE,TIPO_DOCUMENTO,NUMERO_DOCUMENTO,CORREO,CONTRASENA,ROL_USUARIO) VALUES ('Ariel Escamilla','CC',1802194721,'escamariel@ugmail.com','wkjleq-_12','EMPLEADO');
INSERT INTO USUARIO(NOMBRE,TIPO_DOCUMENTO,NUMERO_DOCUMENTO,CORREO,CONTRASENA,ROL_USUARIO) VALUES ('Julián Amado','CE',82917401,'amado@gmail.com','wydAMI-?','RECEPCIONISTA');
INSERT INTO USUARIO(NOMBRE,TIPO_DOCUMENTO,NUMERO_DOCUMENTO,CORREO,CONTRASENA,ROL_USUARIO) VALUES ('Camila Hurtado','CC',16237129,'chur@gmail.com','??12YJ1ja','EMPLEADO');
INSERT INTO USUARIO(NOMBRE,TIPO_DOCUMENTO,NUMERO_DOCUMENTO,CORREO,CONTRASENA,ROL_USUARIO) VALUES ('Daniel Casallas','CE',12891012,'danielcasallas@gmail.com','y2n1¡!!!nh2','EMPLEADO');
INSERT INTO USUARIO(NOMBRE,TIPO_DOCUMENTO,NUMERO_DOCUMENTO,CORREO,CONTRASENA,ROL_USUARIO) VALUES ('Sofía Castillo','TI',1000191872,'soficast@gmail.com','i7dsK___','CLIENTE');
INSERT INTO USUARIO(NOMBRE,TIPO_DOCUMENTO,NUMERO_DOCUMENTO,CORREO,CONTRASENA,ROL_USUARIO) VALUES ('Camilo Sallas','CC',193041,'csallas@gmail.com','718i3yh1na','CLIENTE');
INSERT INTO USUARIO(NOMBRE,TIPO_DOCUMENTO,NUMERO_DOCUMENTO,CORREO,CONTRASENA,ROL_USUARIO) VALUES ('Johan Ameno','CE',672390123,'johameno@gmail.com','aaaaaaaaaa71','CLIENTE');
INSERT INTO USUARIO(NOMBRE,TIPO_DOCUMENTO,NUMERO_DOCUMENTO,CORREO,CONTRASENA,ROL_USUARIO) VALUES ('Juan Acero','CC',1000594256,'juan.acero@gmail.com','ac?6ui1','CLIENTE');
INSERT INTO USUARIO(NOMBRE,TIPO_DOCUMENTO,NUMERO_DOCUMENTO,CORREO,CONTRASENA,ROL_USUARIO) VALUES ('Laura Invierno','CC',1100594257,'invierno@gmail.com','ac?6ui1','CLIENTE');

--7. HABITACION
INSERT INTO HABITACION(NOMBRE_HOTEL,NUMERO,TIPO_HABITACION,COSTO_POR_NOCHE,DESCRIPCION,CAPACIDAD_MIN,CAPACIDAD_MAX) VALUES ('Tequendama',901,'PRESIDENCIAL',1325000.0,'Vista a la ciudad y jacuzzi',1,3);
INSERT INTO HABITACION(NOMBRE_HOTEL,NUMERO,TIPO_HABITACION,COSTO_POR_NOCHE,DESCRIPCION,CAPACIDAD_MIN,CAPACIDAD_MAX) VALUES ('Tequendama',301,'FAMILIAR',750000.0,'Comedor, cafetera y cocina',2,5);
INSERT INTO HABITACION(NOMBRE_HOTEL,NUMERO,TIPO_HABITACION,COSTO_POR_NOCHE,DESCRIPCION,CAPACIDAD_MIN,CAPACIDAD_MAX) VALUES ('Tequendama',302,'DOBLE',435000.0,'Jacuzzi, televisión y minibar',2,2);

--8. SERVICIO
INSERT INTO SERVICIO(NOMBRE_HOTEL,ID_SERVICIO,HORA_INICIO,HORA_FIN,TIPO_SERVICIO) VALUES ('Tequendama',1,7.00,22.00,'PISCINA');
INSERT INTO SERVICIO(NOMBRE_HOTEL,ID_SERVICIO,HORA_INICIO,HORA_FIN,TIPO_SERVICIO) VALUES ('Tequendama',2,5.00,20.00,'GIMNASIO');
INSERT INTO SERVICIO(NOMBRE_HOTEL,ID_SERVICIO,HORA_INICIO,HORA_FIN,TIPO_SERVICIO) VALUES ('Tequendama',3,NULL,NULL,'INTERNET');
INSERT INTO SERVICIO(NOMBRE_HOTEL,ID_SERVICIO,HORA_INICIO,HORA_FIN,TIPO_SERVICIO) VALUES ('Tequendama',4,12.00,2.00,'BAR');
INSERT INTO SERVICIO(NOMBRE_HOTEL,ID_SERVICIO,HORA_INICIO,HORA_FIN,TIPO_SERVICIO) VALUES ('Tequendama',5,8.00,22.00,'RESTAURANTE');
INSERT INTO SERVICIO(NOMBRE_HOTEL,ID_SERVICIO,HORA_INICIO,HORA_FIN,TIPO_SERVICIO) VALUES ('Tequendama',6,6.00,18.00,'SUPERMERCADO');
INSERT INTO SERVICIO(NOMBRE_HOTEL,ID_SERVICIO,HORA_INICIO,HORA_FIN,TIPO_SERVICIO) VALUES ('Tequendama',7,6.00,18.50,'TIENDA');
INSERT INTO SERVICIO(NOMBRE_HOTEL,ID_SERVICIO,HORA_INICIO,HORA_FIN,TIPO_SERVICIO) VALUES ('Tequendama',8,5.00,23.00,'LAVADO');
INSERT INTO SERVICIO(NOMBRE_HOTEL,ID_SERVICIO,HORA_INICIO,HORA_FIN,TIPO_SERVICIO) VALUES ('Tequendama',9,5.00,23.00,'PLANCHADO');
INSERT INTO SERVICIO(NOMBRE_HOTEL,ID_SERVICIO,HORA_INICIO,HORA_FIN,TIPO_SERVICIO) VALUES ('Tequendama',10,5.00,23.00,'EMBOLADO');
INSERT INTO SERVICIO(NOMBRE_HOTEL,ID_SERVICIO,HORA_INICIO,HORA_FIN,TIPO_SERVICIO) VALUES ('Tequendama',11,NULL,NULL,'PRESTAMO');
INSERT INTO SERVICIO(NOMBRE_HOTEL,ID_SERVICIO,HORA_INICIO,HORA_FIN,TIPO_SERVICIO) VALUES ('Tequendama',12,NULL,NULL,'PRESTAMO');
INSERT INTO SERVICIO(NOMBRE_HOTEL,ID_SERVICIO,HORA_INICIO,HORA_FIN,TIPO_SERVICIO) VALUES ('Tequendama',13,NULL,NULL,'SALON_CONFERENCIA');
INSERT INTO SERVICIO(NOMBRE_HOTEL,ID_SERVICIO,HORA_INICIO,HORA_FIN,TIPO_SERVICIO) VALUES ('Tequendama',14,NULL,NULL,'SALON_REUNION');
INSERT INTO SERVICIO(NOMBRE_HOTEL,ID_SERVICIO,HORA_INICIO,HORA_FIN,TIPO_SERVICIO) VALUES ('Tequendama',15,NULL,NULL,'SALON_REUNION');
INSERT INTO SERVICIO(NOMBRE_HOTEL,ID_SERVICIO,HORA_INICIO,HORA_FIN,TIPO_SERVICIO) VALUES ('Tequendama',16,8.00,0.00,'SPA');
INSERT INTO SERVICIO(NOMBRE_HOTEL,ID_SERVICIO,HORA_INICIO,HORA_FIN,TIPO_SERVICIO) VALUES ('Ermita Marriott',17,NULL,NULL,'INTERNET');


--9. PISCINA
INSERT INTO PISCINA(ID_SERVICIO,CAPACIDAD,PROFUNDIDAD,COSTO) VALUES (1,50,2.5,0.0);
--INSERT INTO PISCINA(ID_SERVICIO,CAPACIDAD,PROFUNDIDAD,COSTO) VALUES (27,100,3.5,0.0);
--INSERT INTO PISCINA(ID_SERVICIO,CAPACIDAD,PROFUNDIDAD,COSTO) VALUES (28,10,2.1,50000.0);

--10. GIMNASIO
INSERT INTO GIMNASIO(ID_SERVICIO,CAPACIDAD,DESCRIPCION,COSTO) VALUES (2,120,'Elípticas y pesas',0.0);
--INSERT INTO GIMNASIO(ID_SERVICIO,CAPACIDAD,DESCRIPCION,COSTO) VALUES (29,100,'Pesas',10000.0);
--INSERT INTO GIMNASIO(ID_SERVICIO,CAPACIDAD,DESCRIPCION,COSTO) VALUES (107,35,'Elípticas',0.0);

--11. INTERNET
INSERT INTO INTERNET(ID_SERVICIO,CAPACIDAD,COSTO_POR_DIA) VALUES (3,25.3,13400.0);
INSERT INTO INTERNET(ID_SERVICIO,CAPACIDAD,COSTO_POR_DIA) VALUES (17,30.0,0.0);
--INSERT INTO INTERNET(ID_SERVICIO,CAPACIDAD,COSTO_POR_DIA) VALUES (30,103.1,25000.0);

--12. ESTABLECIMIENTO
INSERT INTO ESTABLECIMIENTO(ID_SERVICIO,NOMBRE,CAPACIDAD,ESTILO_TIPO,DESCUENTO_PLAN) VALUES (4,'BBC',20,'rock indie',0.10);
INSERT INTO ESTABLECIMIENTO(ID_SERVICIO,NOMBRE,CAPACIDAD,ESTILO_TIPO,DESCUENTO_PLAN) VALUES (5,'Andres Carne de Res',100,'parrilla',0.05);
INSERT INTO ESTABLECIMIENTO(ID_SERVICIO,NOMBRE,CAPACIDAD,ESTILO_TIPO,DESCUENTO_PLAN) VALUES (6,'Carulla',NULL,'variedades',0.00);
INSERT INTO ESTABLECIMIENTO(ID_SERVICIO,NOMBRE,CAPACIDAD,ESTILO_TIPO,DESCUENTO_PLAN) VALUES (7,'Joyería Alameda',NULL,'joyas',0.00);

--13. PRESTAMO_UTENSILIO
INSERT INTO PRESTAMO_UTENSILIO(ID_SERVICIO,NOMBRE_UTENSILIO) VALUES (11,'Toalla');
INSERT INTO PRESTAMO_UTENSILIO(ID_SERVICIO,NOMBRE_UTENSILIO) VALUES (12,'Jabón');
--INSERT INTO PRESTAMO_UTENSILIO(PRESTAMO_UTENSILIO,FIELD2) VALUES ('40','Olla grande');

--14. SALON_CONFERENCIA
INSERT INTO SALON_CONFERENCIA(ID_SERVICIO,NUMERO,CAPACIDAD,COSTO_POR_HORA) VALUES (13,1,250,150000.0);
--INSERT INTO SALON_CONFERENCIA(ID_SERVICIO,NUMERO,CAPACIDAD,COSTO_POR_HORA) VALUES (109,1,100,65000.0);
--INSERT INTO SALON_CONFERENCIA(ID_SERVICIO,NUMERO,CAPACIDAD,COSTO_POR_HORA) VALUES (110,2,120,90000.0);

--15. SALON_REUNION
INSERT INTO SALON_REUNION(ID_SERVICIO,NUMERO,COSTO_POR_HORA,COSTO_ADICIONAL) VALUES (15,2,35000.0,1000.0);
--INSERT INTO SALON_REUNION(ID_SERVICIO,NUMERO,CAPACIDAD,COSTO_POR_HORA) VALUES (111,1,21000.0,5000.0);

--16. SPAA
INSERT INTO SPAA(ID_SERVICIO,CAPACIDAD) VALUES (16,6);
--INSERT INTO SPAA(ID_SERVICIO,CAPACIDAD) VALUES (18,10);
--INSERT INTO SPAA(ID_SERVICIO,CAPACIDAD) VALUES (68,25);

--17. PRODUCTO
INSERT INTO PRODUCTO(ID_SERVICIO,ID_PRODUCTO,NOMBRE,COSTO,PLAN_TODO_INCLUIDO,DURACION) VALUES (4,1,'Cerveza Artesanal',9850.0,0,NULL);
INSERT INTO PRODUCTO(ID_SERVICIO,ID_PRODUCTO,NOMBRE,COSTO,PLAN_TODO_INCLUIDO,DURACION) VALUES (5,1,'Baby Beef',45000.0,1,NULL);
INSERT INTO PRODUCTO(ID_SERVICIO,ID_PRODUCTO,NOMBRE,COSTO,PLAN_TODO_INCLUIDO,DURACION) VALUES (6,1,'Granola Light',12300.0,0,NULL);
INSERT INTO PRODUCTO(ID_SERVICIO,ID_PRODUCTO,NOMBRE,COSTO,PLAN_TODO_INCLUIDO,DURACION) VALUES (7,1,'Joya de Oro',250000.0,0,NULL);
INSERT INTO PRODUCTO(ID_SERVICIO,ID_PRODUCTO,NOMBRE,COSTO,PLAN_TODO_INCLUIDO,DURACION) VALUES (16,1,'Masaje espalda',30000.0,0,45);
INSERT INTO PRODUCTO(ID_SERVICIO,ID_PRODUCTO,NOMBRE,COSTO,PLAN_TODO_INCLUIDO,DURACION) VALUES (16,2,'Lavado de pies',24000.0,0,60);

--18. PLAN_CONSUMO
INSERT INTO PLAN_CONSUMO(NOMBRE_HOTEL,ID_PLAN_CONSUMO,NOMBRE,DURACION_MIN,DESCUENTO) VALUES ('Tequendama',1,'Larga estadía',7,0.09);
INSERT INTO PLAN_CONSUMO(NOMBRE_HOTEL,ID_PLAN_CONSUMO,NOMBRE,DURACION_MIN,DESCUENTO) VALUES ('Tequendama',2,'Tiempo compartido',7,0.09);
INSERT INTO PLAN_CONSUMO(NOMBRE_HOTEL,ID_PLAN_CONSUMO,NOMBRE,DURACION_MIN,DESCUENTO) VALUES ('Tequendama',3,'Todo incluido',0,0.00);
INSERT INTO PLAN_CONSUMO(NOMBRE_HOTEL,ID_PLAN_CONSUMO,NOMBRE,DURACION_MIN,DESCUENTO) VALUES ('Ermita Marriott',4,'3 o mas noches',3,0.05);

--19. RESERVA_HABITACION
INSERT INTO RESERVA_HABITACION(ID_RESERVA_HABITACION,FECHA_IN,FECHA_OUT,NUM_PERSONAS,CUENTA_MINIBAR,NOMBRE_HOTEL,NUMERO_HABITACION,ID_PLAN_CONSUMO,PAGADO) VALUES (1,'27/02/2022','06/03/2022',2,0.0,'Tequendama',302,2,0);
INSERT INTO RESERVA_HABITACION(ID_RESERVA_HABITACION,FECHA_IN,FECHA_OUT,NUM_PERSONAS,CUENTA_MINIBAR,NOMBRE_HOTEL,NUMERO_HABITACION,ID_PLAN_CONSUMO,PAGADO) VALUES (2,'07/03/2022','09/03/2022',1,0.0,'Tequendama',302,2,0);

INSERT INTO RESERVA_HABITACION(ID_RESERVA_HABITACION,FECHA_IN,FECHA_OUT,NUM_PERSONAS,CUENTA_MINIBAR,NOMBRE_HOTEL,ID_PLAN_CONSUMO,PAGADO) VALUES (3,'07/03/2022','09/03/2022',1,0.0,'Tequendama',2,0);

--20. HUESPED_RESERVA
INSERT INTO HUESPED_RESERVA(ID_RESERVA_HABITACION,TIPO_DOCUMENTO,NUMERO_DOCUMENTO,ACOMPANANTE) VALUES (1,'CC',1000594256,0);
INSERT INTO HUESPED_RESERVA(ID_RESERVA_HABITACION,TIPO_DOCUMENTO,NUMERO_DOCUMENTO,ACOMPANANTE) VALUES (1,'CC',1100594257,1);
INSERT INTO HUESPED_RESERVA(ID_RESERVA_HABITACION,TIPO_DOCUMENTO,NUMERO_DOCUMENTO,ACOMPANANTE) VALUES (2,'CC',1000594256,0);

--21. CUENTA_SERVICIO
INSERT INTO CUENTA_SERVICIO(ID_CUENTA,COSTO,CONCEPTO,FECHA,ID_SERVICIO,ID_RESERVA_HABITACION,REGISTRADO_POR_TIPO_DOCUMENTO,REGISTRADO_POR_NUMERO_DOCUMENTO) VALUES (1,93800.0,'Uso de internet','27/02/2022',3,1,NULL,NULL);
INSERT INTO CUENTA_SERVICIO(ID_CUENTA,COSTO,CONCEPTO,FECHA,ID_SERVICIO,ID_RESERVA_HABITACION,REGISTRADO_POR_TIPO_DOCUMENTO,REGISTRADO_POR_NUMERO_DOCUMENTO) VALUES (2,7500.0,'Jabón no devuelto','02/03/2022',12,1,NULL,NULL);
INSERT INTO CUENTA_SERVICIO(ID_CUENTA,COSTO,CONCEPTO,FECHA,ID_SERVICIO,ID_RESERVA_HABITACION,REGISTRADO_POR_TIPO_DOCUMENTO,REGISTRADO_POR_NUMERO_DOCUMENTO) VALUES (3,90000.0,'Pedido Restaurante','04/03/2022',5,1,'CC',16237129);
INSERT INTO CUENTA_SERVICIO(ID_CUENTA,COSTO,CONCEPTO,FECHA,ID_SERVICIO,ID_RESERVA_HABITACION,REGISTRADO_POR_TIPO_DOCUMENTO,REGISTRADO_POR_NUMERO_DOCUMENTO) VALUES (4,24000.0,'Servicio SPA','05/03/2022',16,1,'CC',1579208100);
INSERT INTO CUENTA_SERVICIO(ID_CUENTA,COSTO,CONCEPTO,FECHA,ID_SERVICIO,ID_RESERVA_HABITACION,REGISTRADO_POR_TIPO_DOCUMENTO,REGISTRADO_POR_NUMERO_DOCUMENTO) VALUES (6,5000.0,'Uso de internet','07/03/2022',3,2,'CC',1579208100);
INSERT INTO CUENTA_SERVICIO(ID_CUENTA,COSTO,CONCEPTO,FECHA,ID_SERVICIO,ID_RESERVA_HABITACION,REGISTRADO_POR_TIPO_DOCUMENTO,REGISTRADO_POR_NUMERO_DOCUMENTO) VALUES (5,100000.0,'Servicio Masaje SPA','08/03/2022',16,2,'CC',1579208100);

--22. PEDIDO
INSERT INTO PEDIDO(ID_PEDIDO,PAGO_HABITACION,ID_CUENTA) VALUES (1,1,3);

--23. PRODUCTO_PEDIDO
INSERT INTO PRODUCTO_PEDIDO(ID_PEDIDO,ID_SERVICIO,ID_PRODUCTO,CANTIDAD) VALUES (1,5,1,2);

--24. RESERVA_SERVICIO
INSERT INTO RESERVA_SERVICIO(ID_RESERVA_SERVICIO,ID_SERVICIO,ID_RESERVA_HABITACION,FECHA,DURACION) VALUES (1,16,1,'05/03/2022',60);

COMMIT;



