SET AUTOCOMMIT 0;

-- AGREGAR ELEMENTOS A LAS TABLAS

--1. CADENA_HOTELERA
INSERT INTO CADENA_HOTELERA(NOMBRE) VALUES ('Marriott');
INSERT INTO CADENA_HOTELERA(NOMBRE) VALUES ('Tequendama');

--2. ROL_USUARIO
INSERT INTO ROL_USUARIO(ROL) VALUES ('GERENTE');
INSERT INTO ROL_USUARIO(ROL) VALUES ('ADMIN_DATOS');
INSERT INTO ROL_USUARIO(ROL) VALUES ('RECEPCIONISTA');
INSERT INTO ROL_USUARIO(ROL) VALUES ('EMPLEADO');
INSERT INTO ROL_USUARIO(ROL) VALUES ('CLIENTE');

--3. TIPO_HABITACION
INSERT INTO TIPO_HABITACION(TIPO_HABITACION) VALUES ('PRESIDENCIAL');
INSERT INTO TIPO_HABITACION(TIPO_HABITACION) VALUES ('FAMILIAR');
INSERT INTO TIPO_HABITACION(TIPO_HABITACION) VALUES ('SENCILLA');
INSERT INTO TIPO_HABITACION(TIPO_HABITACION) VALUES ('DOBLE');

--4. TIPO_SERVICIO
INSERT INTO TIPO_SERVICIO(TIPO_SERVICIO) VALUES ('PISCINA');
INSERT INTO TIPO_SERVICIO(TIPO_SERVICIO) VALUES ('GIMNASIO');
INSERT INTO TIPO_SERVICIO(TIPO_SERVICIO) VALUES ('INTERNET');
INSERT INTO TIPO_SERVICIO(TIPO_SERVICIO) VALUES ('TIENDA');
INSERT INTO TIPO_SERVICIO(TIPO_SERVICIO) VALUES ('SUPERMERCADO');
INSERT INTO TIPO_SERVICIO(TIPO_SERVICIO) VALUES ('BAR');
INSERT INTO TIPO_SERVICIO(TIPO_SERVICIO) VALUES ('RESTAURANTE');
INSERT INTO TIPO_SERVICIO(TIPO_SERVICIO) VALUES ('PRESTAMO');
INSERT INTO TIPO_SERVICIO(TIPO_SERVICIO) VALUES ('SALON_CONFERENCIA');
INSERT INTO TIPO_SERVICIO(TIPO_SERVICIO) VALUES ('SALON_REUNION');
INSERT INTO TIPO_SERVICIO(TIPO_SERVICIO) VALUES ('SPA');
INSERT INTO TIPO_SERVICIO(TIPO_SERVICIO) VALUES ('LAVADO');
INSERT INTO TIPO_SERVICIO(TIPO_SERVICIO) VALUES ('PLANCHADO');
INSERT INTO TIPO_SERVICIO(TIPO_SERVICIO) VALUES ('EMBOLADO');

--5. HOTEL
INSERT INTO HOTEL(NOMBRE_CADENA,NOMBRE_HOTEL,PAIS,CIUDAD,DIRECCION) VALUES ('Marriott','JW Marriott','Colombia','Bogota','Cl. 73 # 08 - 60');
INSERT INTO HOTEL(NOMBRE_CADENA,NOMBRE_HOTEL,PAIS,CIUDAD,DIRECCION) VALUES ('Marriott','Residence Inn Marriott','Colombia','Bogota','Cl. 90 # 16 - 30');
INSERT INTO HOTEL(NOMBRE_CADENA,NOMBRE_HOTEL,PAIS,CIUDAD,DIRECCION) VALUES ('Marriott','Ermita Marriott','Colombia','Cartagena','Av Santander # 41 - 202');
INSERT INTO HOTEL(NOMBRE_CADENA,NOMBRE_HOTEL,PAIS,CIUDAD,DIRECCION) VALUES ('Tequendama','Tequendama','Colombia','Bogota','Cra. 10 # 26 - 21');

--6. USUARIO
INSERT INTO USUARIO(NOMBRE,TIPO_DOCUMENTO,NUMERO_DOCUMENTO,CORREO,CONTRASENA,ROL_USUARIO) VALUES ('Luccas Rojas','CC',19801672,'l.rojasb@uniandes.edu.co','18371Hh','GERENTE');
INSERT INTO USUARIO(NOMBRE,TIPO_DOCUMENTO,NUMERO_DOCUMENTO,CORREO,CONTRASENA,ROL_USUARIO) VALUES ('Tony Santiago','CC',16017390,'t.montes@uniandes.edu.co','12345678','ADMIN_DATOS');
INSERT INTO USUARIO(NOMBRE,TIPO_DOCUMENTO,NUMERO_DOCUMENTO,CORREO,CONTRASENA,ROL_USUARIO) VALUES ('Cielo González','CC',1892017462,'cgonzalez@gmail.com','db2uuik1','RECEPCIONISTA');
INSERT INTO USUARIO(NOMBRE,TIPO_DOCUMENTO,NUMERO_DOCUMENTO,CORREO,CONTRASENA,ROL_USUARIO) VALUES ('Ariel Escamilla','CC',1579208100,'aesca@gmail.com','hdjkqwi97','EMPLEADO');
INSERT INTO USUARIO(NOMBRE,TIPO_DOCUMENTO,NUMERO_DOCUMENTO,CORREO,CONTRASENA,ROL_USUARIO) VALUES ('Ariel Escamilla','CC',1802194721,'escamariel@ugmail.com','wkjleq-_12','EMPLEADO');
INSERT INTO USUARIO(NOMBRE,TIPO_DOCUMENTO,NUMERO_DOCUMENTO,CORREO,CONTRASENA,ROL_USUARIO) VALUES ('Julián Amado','CE',82917401,'amado@gmail.com','wydAMI-?','RECEPCIONISTA');
INSERT INTO USUARIO(NOMBRE,TIPO_DOCUMENTO,NUMERO_DOCUMENTO,CORREO,CONTRASENA,ROL_USUARIO) VALUES ('Camila Hurtado','CC',16237129,'chur@gmail.com','??12YJ1ja','EMPLEADO');
INSERT INTO USUARIO(NOMBRE,TIPO_DOCUMENTO,NUMERO_DOCUMENTO,CORREO,CONTRASENA,ROL_USUARIO) VALUES ('Daniel Casallas','CE',12891012,'danielcasallas@gmail.com','y2n1¡!!!nh2','EMPLEADO');
INSERT INTO USUARIO(NOMBRE,TIPO_DOCUMENTO,NUMERO_DOCUMENTO,CORREO,CONTRASENA,ROL_USUARIO) VALUES ('Sofía Castillo','TI',1000191872,'soficast@gmail.com','i7dsK___','CLIENTE');
INSERT INTO USUARIO(NOMBRE,TIPO_DOCUMENTO,NUMERO_DOCUMENTO,CORREO,CONTRASENA,ROL_USUARIO) VALUES ('Camilo Sallas','CC',193041,'csallas@gmail.com','718i3yh1na','CLIENTE');
INSERT INTO USUARIO(NOMBRE,TIPO_DOCUMENTO,NUMERO_DOCUMENTO,CORREO,CONTRASENA,ROL_USUARIO) VALUES ('Johan Ameno','CE',672390123,'johameno@gmail.com','aaaaaaaaaa71','CLIENTE');
INSERT INTO USUARIO(NOMBRE,TIPO_DOCUMENTO,NUMERO_DOCUMENTO,CORREO,CONTRASENA,ROL_USUARIO) VALUES ('Juan Acero','CC',1000594256,'juan.acero@gmail.com','ac?6ui1','CLIENTE');
INSERT INTO USUARIO(NOMBRE,TIPO_DOCUMENTO,NUMERO_DOCUMENTO,CORREO,CONTRASENA,ROL_USUARIO) VALUES ('Laura Invierno','CC',1100594257,'invierno@gmail.com','ac?6ui1','CLIENTE');

--7. HABITACION
INSERT INTO HABITACION(NOMBRE_HOTEL,NUMERO,TIPO_HABITACION,COSTO_POR_NOCHE,DESCRIPCION,CAPACIDAD_MIN,CAPACIDAD_MAX) VALUES ('Tequendama',901,'PRESIDENCIAL',1325000.0,'Vista a la ciudad y jacuzzi',1,3);
INSERT INTO HABITACION(NOMBRE_HOTEL,NUMERO,TIPO_HABITACION,COSTO_POR_NOCHE,DESCRIPCION,CAPACIDAD_MIN,CAPACIDAD_MAX) VALUES ('Tequendama',301,'FAMILIAR',750000.0,'Comedor, cafetera y cocina',2,5);
INSERT INTO HABITACION(NOMBRE_HOTEL,NUMERO,TIPO_HABITACION,COSTO_POR_NOCHE,DESCRIPCION,CAPACIDAD_MIN,CAPACIDAD_MAX) VALUES ('Tequendama',302,'DOBLE',435000.0,'Jacuzzi, televisión y minibar',2,2);
INSERT INTO HABITACION(NOMBRE_HOTEL,NUMERO,TIPO_HABITACION,COSTO_POR_NOCHE,DESCRIPCION,CAPACIDAD_MIN,CAPACIDAD_MAX) VALUES ('Tequendama',303,'FAMILIAR',800000.0,'Jacuzzi, televisión, xbox y minibar',1,4);

--8. SERVICIO
INSERT INTO SERVICIO(NOMBRE_HOTEL,ID_SERVICIO,HORA_INICIO,HORA_FIN,TIPO_SERVICIO) VALUES ('Tequendama',1,7.00,22.00,'PISCINA');
INSERT INTO SERVICIO(NOMBRE_HOTEL,ID_SERVICIO,HORA_INICIO,HORA_FIN,TIPO_SERVICIO) VALUES ('Tequendama',2,5.00,20.00,'GIMNASIO');
INSERT INTO SERVICIO(NOMBRE_HOTEL,ID_SERVICIO,HORA_INICIO,HORA_FIN,TIPO_SERVICIO) VALUES ('Tequendama',3,NULL,NULL,'INTERNET');
INSERT INTO SERVICIO(NOMBRE_HOTEL,ID_SERVICIO,HORA_INICIO,HORA_FIN,TIPO_SERVICIO) VALUES ('Tequendama',4,12.00,2.00,'BAR');
INSERT INTO SERVICIO(NOMBRE_HOTEL,ID_SERVICIO,HORA_INICIO,HORA_FIN,TIPO_SERVICIO) VALUES ('Tequendama',5,8.00,22.00,'RESTAURANTE');
INSERT INTO SERVICIO(NOMBRE_HOTEL,ID_SERVICIO,HORA_INICIO,HORA_FIN,TIPO_SERVICIO) VALUES ('Tequendama',6,6.00,18.00,'SUPERMERCADO');
INSERT INTO SERVICIO(NOMBRE_HOTEL,ID_SERVICIO,HORA_INICIO,HORA_FIN,TIPO_SERVICIO) VALUES ('Tequendama',7,6.00,18.50,'TIENDA');
INSERT INTO SERVICIO(NOMBRE_HOTEL,ID_SERVICIO,HORA_INICIO,HORA_FIN,TIPO_SERVICIO) VALUES ('Tequendama',8,5.00,23.00,'LAVADO');
INSERT INTO SERVICIO(NOMBRE_HOTEL,ID_SERVICIO,HORA_INICIO,HORA_FIN,TIPO_SERVICIO) VALUES ('Tequendama',9,5.00,23.00,'PLANCHADO');
INSERT INTO SERVICIO(NOMBRE_HOTEL,ID_SERVICIO,HORA_INICIO,HORA_FIN,TIPO_SERVICIO) VALUES ('Tequendama',10,5.00,23.00,'EMBOLADO');
INSERT INTO SERVICIO(NOMBRE_HOTEL,ID_SERVICIO,HORA_INICIO,HORA_FIN,TIPO_SERVICIO) VALUES ('Tequendama',11,NULL,NULL,'PRESTAMO');
INSERT INTO SERVICIO(NOMBRE_HOTEL,ID_SERVICIO,HORA_INICIO,HORA_FIN,TIPO_SERVICIO) VALUES ('Tequendama',12,NULL,NULL,'PRESTAMO');
INSERT INTO SERVICIO(NOMBRE_HOTEL,ID_SERVICIO,HORA_INICIO,HORA_FIN,TIPO_SERVICIO) VALUES ('Tequendama',13,NULL,NULL,'SALON_CONFERENCIA');
INSERT INTO SERVICIO(NOMBRE_HOTEL,ID_SERVICIO,HORA_INICIO,HORA_FIN,TIPO_SERVICIO) VALUES ('Tequendama',14,NULL,NULL,'SALON_REUNION');
INSERT INTO SERVICIO(NOMBRE_HOTEL,ID_SERVICIO,HORA_INICIO,HORA_FIN,TIPO_SERVICIO) VALUES ('Tequendama',15,NULL,NULL,'SALON_REUNION');
INSERT INTO SERVICIO(NOMBRE_HOTEL,ID_SERVICIO,HORA_INICIO,HORA_FIN,TIPO_SERVICIO) VALUES ('Tequendama',16,8.00,0.00,'SPA');
INSERT INTO SERVICIO(NOMBRE_HOTEL,ID_SERVICIO,HORA_INICIO,HORA_FIN,TIPO_SERVICIO) VALUES ('Ermita Marriott',17,NULL,NULL,'INTERNET');

--9. PISCINA
INSERT INTO PISCINA(ID_SERVICIO,CAPACIDAD,PROFUNDIDAD,COSTO) VALUES (1,50,2.5,0.0);
--INSERT INTO PISCINA(ID_SERVICIO,CAPACIDAD,PROFUNDIDAD,COSTO) VALUES (27,100,3.5,0.0);
--INSERT INTO PISCINA(ID_SERVICIO,CAPACIDAD,PROFUNDIDAD,COSTO) VALUES (28,10,2.1,50000.0);

--10. GIMNASIO
INSERT INTO GIMNASIO(ID_SERVICIO,CAPACIDAD,DESCRIPCION,COSTO) VALUES (2,120,'Elípticas y pesas',0.0);
--INSERT INTO GIMNASIO(ID_SERVICIO,CAPACIDAD,DESCRIPCION,COSTO) VALUES (29,100,'Pesas',10000.0);
--INSERT INTO GIMNASIO(ID_SERVICIO,CAPACIDAD,DESCRIPCION,COSTO) VALUES (107,35,'Elípticas',0.0);

--11. INTERNET
INSERT INTO INTERNET(ID_SERVICIO,CAPACIDAD,COSTO_POR_DIA) VALUES (3,25.3,13400.0);
INSERT INTO INTERNET(ID_SERVICIO,CAPACIDAD,COSTO_POR_DIA) VALUES (17,30.0,0.0);
--INSERT INTO INTERNET(ID_SERVICIO,CAPACIDAD,COSTO_POR_DIA) VALUES (30,103.1,25000.0);

--12. ESTABLECIMIENTO
INSERT INTO ESTABLECIMIENTO(ID_SERVICIO,NOMBRE,CAPACIDAD,ESTILO_TIPO,DESCUENTO_PLAN) VALUES (4,'BBC',20,'rock indie',0.10);
INSERT INTO ESTABLECIMIENTO(ID_SERVICIO,NOMBRE,CAPACIDAD,ESTILO_TIPO,DESCUENTO_PLAN) VALUES (5,'Andres Carne de Res',100,'parrilla',0.05);
INSERT INTO ESTABLECIMIENTO(ID_SERVICIO,NOMBRE,CAPACIDAD,ESTILO_TIPO,DESCUENTO_PLAN) VALUES (6,'Carulla',NULL,'variedades',0.00);
INSERT INTO ESTABLECIMIENTO(ID_SERVICIO,NOMBRE,CAPACIDAD,ESTILO_TIPO,DESCUENTO_PLAN) VALUES (7,'Joyería Alameda',NULL,'joyas',0.00);

--13. PRESTAMO_UTENSILIO
INSERT INTO PRESTAMO_UTENSILIO(ID_SERVICIO,NOMBRE_UTENSILIO) VALUES (11,'Toalla');
INSERT INTO PRESTAMO_UTENSILIO(ID_SERVICIO,NOMBRE_UTENSILIO) VALUES (12,'Jabón');
--INSERT INTO PRESTAMO_UTENSILIO(PRESTAMO_UTENSILIO,FIELD2) VALUES ('40','Olla grande');

--14. SALON_CONFERENCIA
INSERT INTO SALON_CONFERENCIA(ID_SERVICIO,NUMERO,CAPACIDAD,COSTO_POR_HORA) VALUES (13,1,250,150000.0);
--INSERT INTO SALON_CONFERENCIA(ID_SERVICIO,NUMERO,CAPACIDAD,COSTO_POR_HORA) VALUES (109,1,100,65000.0);
--INSERT INTO SALON_CONFERENCIA(ID_SERVICIO,NUMERO,CAPACIDAD,COSTO_POR_HORA) VALUES (110,2,120,90000.0);

--15. SALON_REUNION
INSERT INTO SALON_REUNION(ID_SERVICIO,NUMERO,COSTO_POR_HORA,COSTO_ADICIONAL) VALUES (15,2,35000.0,1000.0);
--INSERT INTO SALON_REUNION(ID_SERVICIO,NUMERO,CAPACIDAD,COSTO_POR_HORA) VALUES (111,1,21000.0,5000.0);

--16. SPAA
INSERT INTO SPAA(ID_SERVICIO,CAPACIDAD) VALUES (16,6);
--INSERT INTO SPAA(ID_SERVICIO,CAPACIDAD) VALUES (18,10);
--INSERT INTO SPAA(ID_SERVICIO,CAPACIDAD) VALUES (68,25);

--17. PRODUCTO
INSERT INTO PRODUCTO(ID_SERVICIO,ID_PRODUCTO,NOMBRE,COSTO,PLAN_TODO_INCLUIDO,DURACION) VALUES (4,1,'Cerveza Artesanal',9850.0,0,NULL);
INSERT INTO PRODUCTO(ID_SERVICIO,ID_PRODUCTO,NOMBRE,COSTO,PLAN_TODO_INCLUIDO,DURACION) VALUES (5,1,'Baby Beef',45000.0,1,NULL);
INSERT INTO PRODUCTO(ID_SERVICIO,ID_PRODUCTO,NOMBRE,COSTO,PLAN_TODO_INCLUIDO,DURACION) VALUES (6,1,'Granola Light',12300.0,0,NULL);
INSERT INTO PRODUCTO(ID_SERVICIO,ID_PRODUCTO,NOMBRE,COSTO,PLAN_TODO_INCLUIDO,DURACION) VALUES (7,1,'Joya de Oro',250000.0,0,NULL);
INSERT INTO PRODUCTO(ID_SERVICIO,ID_PRODUCTO,NOMBRE,COSTO,PLAN_TODO_INCLUIDO,DURACION) VALUES (16,1,'Masaje espalda',30000.0,0,45);
INSERT INTO PRODUCTO(ID_SERVICIO,ID_PRODUCTO,NOMBRE,COSTO,PLAN_TODO_INCLUIDO,DURACION) VALUES (16,2,'Lavado de pies',24000.0,0,60);

--18. PLAN_CONSUMO
INSERT INTO PLAN_CONSUMO(NOMBRE_HOTEL,ID_PLAN_CONSUMO,NOMBRE,DURACION_MIN,DESCUENTO) VALUES ('Tequendama',1,'Larga estadía',7,0.09);
INSERT INTO PLAN_CONSUMO(NOMBRE_HOTEL,ID_PLAN_CONSUMO,NOMBRE,DURACION_MIN,DESCUENTO) VALUES ('Tequendama',2,'Tiempo compartido',7,0.09);
INSERT INTO PLAN_CONSUMO(NOMBRE_HOTEL,ID_PLAN_CONSUMO,NOMBRE,DURACION_MIN,DESCUENTO) VALUES ('Tequendama',3,'Todo incluido',0,0.00);
INSERT INTO PLAN_CONSUMO(NOMBRE_HOTEL,ID_PLAN_CONSUMO,NOMBRE,DURACION_MIN,DESCUENTO) VALUES ('Ermita Marriott',4,'3 o mas noches',3,0.05);

--19. CONVENCION
INSERT INTO CONVENCION(ID_CONVENCION, FECHA_IN, FECHA_OUT, ID_PLAN_CONSUMO, HOTEL) VALUES (1,'09/06/22','22/06/22',NULL,'Tequendama');

--20. PARTICIPANTES_CONVENCION
INSERT INTO PARTICIPANTES_CONVENCION(ID_CONVENCION, TIPO_DOCUMENTO, NUMERO_DOCUMENTO) VALUES (1,'CC',1000594256);
INSERT INTO PARTICIPANTES_CONVENCION(ID_CONVENCION, TIPO_DOCUMENTO, NUMERO_DOCUMENTO) VALUES (1,'TI',1000191872);
INSERT INTO PARTICIPANTES_CONVENCION(ID_CONVENCION, TIPO_DOCUMENTO, NUMERO_DOCUMENTO) VALUES (1,'CC',1100594257);

--21. SERVICIOS_CONVENCION
INSERT INTO SERVICIOS_CONVENCION(ID_CONVENCION,ID_SERVICIO) VALUES (1,1);
INSERT INTO SERVICIOS_CONVENCION(ID_CONVENCION,ID_SERVICIO) VALUES (1,2);

--22. RESERVA_HABITACION
INSERT INTO RESERVA_HABITACION(ID_RESERVA_HABITACION,FECHA_IN,FECHA_OUT,NUM_PERSONAS,CUENTA_MINIBAR,NOMBRE_HOTEL,NUMERO_HABITACION,ID_PLAN_CONSUMO,PAGADO,ID_CONVENCION) VALUES (1,'05/01/2021','10/01/2021',1,0.0,'Tequendama',NULL,2,0,NULL);
INSERT INTO RESERVA_HABITACION(ID_RESERVA_HABITACION,FECHA_IN,FECHA_OUT,NUM_PERSONAS,CUENTA_MINIBAR,NOMBRE_HOTEL,NUMERO_HABITACION,ID_PLAN_CONSUMO,PAGADO,ID_CONVENCION) VALUES (2,'27/02/2022','06/03/2022',2,0.0,'Tequendama',302,2,0,NULL);
INSERT INTO RESERVA_HABITACION(ID_RESERVA_HABITACION,FECHA_IN,FECHA_OUT,NUM_PERSONAS,CUENTA_MINIBAR,NOMBRE_HOTEL,NUMERO_HABITACION,ID_PLAN_CONSUMO,PAGADO,ID_CONVENCION) VALUES (3,'07/03/2022','09/03/2022',1,0.0,'Tequendama',302,2,0,NULL);
INSERT INTO RESERVA_HABITACION(ID_RESERVA_HABITACION,FECHA_IN,FECHA_OUT,NUM_PERSONAS,CUENTA_MINIBAR,NOMBRE_HOTEL,NUMERO_HABITACION,ID_PLAN_CONSUMO,PAGADO,ID_CONVENCION) VALUES (4,'07/03/2022','09/03/2022',3,0.0,'Tequendama',NULL,2,0,NULL);

--23. HUESPED_RESERVA
INSERT INTO HUESPED_RESERVA(ID_RESERVA_HABITACION,TIPO_DOCUMENTO,NUMERO_DOCUMENTO,ACOMPANANTE) VALUES (1,'CC',1000594256,0);
INSERT INTO HUESPED_RESERVA(ID_RESERVA_HABITACION,TIPO_DOCUMENTO,NUMERO_DOCUMENTO,ACOMPANANTE) VALUES (1,'CC',1100594257,1);
INSERT INTO HUESPED_RESERVA(ID_RESERVA_HABITACION,TIPO_DOCUMENTO,NUMERO_DOCUMENTO,ACOMPANANTE) VALUES (2,'CC',1000594256,0);

--24. CUENTA_SERVICIO
INSERT INTO CUENTA_SERVICIO(ID_CUENTA,COSTO,CONCEPTO,FECHA,ID_SERVICIO,ID_RESERVA_HABITACION,REGISTRADO_POR_TIPO_DOCUMENTO,REGISTRADO_POR_NUMERO_DOCUMENTO) VALUES (1,93800.0,'Uso de internet','27/02/2022',3,1,NULL,NULL);
INSERT INTO CUENTA_SERVICIO(ID_CUENTA,COSTO,CONCEPTO,FECHA,ID_SERVICIO,ID_RESERVA_HABITACION,REGISTRADO_POR_TIPO_DOCUMENTO,REGISTRADO_POR_NUMERO_DOCUMENTO) VALUES (2,7500.0,'Jabón no devuelto','02/03/2022',12,1,NULL,NULL);
INSERT INTO CUENTA_SERVICIO(ID_CUENTA,COSTO,CONCEPTO,FECHA,ID_SERVICIO,ID_RESERVA_HABITACION,REGISTRADO_POR_TIPO_DOCUMENTO,REGISTRADO_POR_NUMERO_DOCUMENTO) VALUES (3,90000.0,'Pedido Restaurante','04/03/2022',5,1,'CC',16237129);
INSERT INTO CUENTA_SERVICIO(ID_CUENTA,COSTO,CONCEPTO,FECHA,ID_SERVICIO,ID_RESERVA_HABITACION,REGISTRADO_POR_TIPO_DOCUMENTO,REGISTRADO_POR_NUMERO_DOCUMENTO) VALUES (4,24000.0,'Servicio SPA','05/03/2022',16,1,'CC',1579208100);
INSERT INTO CUENTA_SERVICIO(ID_CUENTA,COSTO,CONCEPTO,FECHA,ID_SERVICIO,ID_RESERVA_HABITACION,REGISTRADO_POR_TIPO_DOCUMENTO,REGISTRADO_POR_NUMERO_DOCUMENTO) VALUES (6,5000.0,'Uso de internet','07/03/2022',3,2,'CC',1579208100);
INSERT INTO CUENTA_SERVICIO(ID_CUENTA,COSTO,CONCEPTO,FECHA,ID_SERVICIO,ID_RESERVA_HABITACION,REGISTRADO_POR_TIPO_DOCUMENTO,REGISTRADO_POR_NUMERO_DOCUMENTO) VALUES (5,100000.0,'Servicio Masaje SPA','08/03/2022',16,2,'CC',1579208100);

--25. PEDIDO
INSERT INTO PEDIDO(ID_PEDIDO,PAGO_HABITACION,ID_CUENTA) VALUES (1,1,3);

--26. PRODUCTO_PEDIDO
INSERT INTO PRODUCTO_PEDIDO(ID_PEDIDO,ID_SERVICIO,ID_PRODUCTO,CANTIDAD) VALUES (1,5,1,2);

--27. RESERVA_SERVICIO
INSERT INTO RESERVA_SERVICIO(ID_RESERVA_SERVICIO,ID_SERVICIO,ID_RESERVA_HABITACION,FECHA,DURACION) VALUES (1,16,1,'05/03/2022',60);


COMMIT;